Nombre,Link,Pais,Reputacion,N_oro,N_plata,N_bronce
Jon Skeet,https://stackoverflow.com/users/22656/jon-skeet,Reading; United Kingdom,1380993,848,9035,9130
Gordon Linoff,https://stackoverflow.com/users/1144035/gordon-linoff,New York; United States,1223839,54,622,764
VonC,https://stackoverflow.com/users/6309/vonc,France,1184005,506,4238,5045
BalusC,https://stackoverflow.com/users/157882/balusc,Willemstad; Cura√ßao,1065230,369,3584,3535
Darin Dimitrov,https://stackoverflow.com/users/29407/darin-dimitrov,Sofia; Bulgaria,1011144,267,3269,2921
Martijn Pieters,https://stackoverflow.com/users/100297/martijn-pieters,Cambridge; UK,1008706,282,3956,3289
Marc Gravell,https://stackoverflow.com/users/23354/marc-gravell,Forest of Dean; United Kingdom,1004393,259,2526,2873
T.J. Crowder,https://stackoverflow.com/users/157247/t-j-crowder,United Kingdom,1002574,183,1863,1830
CommonsWare,https://stackoverflow.com/users/115145/commonsware,Pennsylvania; United States,973722,188,2352,2428
Greg Hewgill,https://stackoverflow.com/users/893/greg-hewgill,Christchurch; New Zealand,925112,180,1136,1273
Hans Passant,https://stackoverflow.com/users/17034/hans-passant,Madison; WI,911625,145,1668,2505
Quentin,https://stackoverflow.com/users/19068/quentin,United Kingdom,890346,122,1189,1309
SLaks,https://stackoverflow.com/users/34397/slaks,New Jersey,855328,175,1884,1953
akrun,https://stackoverflow.com/users/3732271/akrun,Not provided by the user,846947,36,507,627
paxdiablo,https://stackoverflow.com/users/14860/paxdiablo,Not provided by the user,836487,230,1558,1927
Alex Martelli,https://stackoverflow.com/users/95810/alex-martelli,Sunnyvale; CA,836246,165,1209,1388
unutbu,https://stackoverflow.com/users/190597/unutbu,Not provided by the user,815203,176,1750,1646
Mark Byers,https://stackoverflow.com/users/61974/mark-byers,Denmark,792942,188,1558,1442
Christian C. Salvad√≥,https://stackoverflow.com/users/5445/christian-c-salvad%c3%b3,Guatemala,792848,181,913,837
jezrael,https://stackoverflow.com/users/2901002/jezrael,Bratislava; Slovakia,786355,88,1260,1191
Felix Kling,https://stackoverflow.com/users/218196/felix-kling,Germany,780296,173,1079,1128
Ignacio Vazquez-Abrams,https://stackoverflow.com/users/20862/ignacio-vazquez-abrams,Not provided by the user,760947,151,1325,1346
anubhava,https://stackoverflow.com/users/548225/anubhava,Bangalore; India,745697,63,547,620
CB Bailey,https://stackoverflow.com/users/19563/cb-bailey,United Kingdom,730449,101,625,651
JaredPar,https://stackoverflow.com/users/23283/jaredpar,Redmond; WA,720633,147,1225,1447
marc_s,https://stackoverflow.com/users/13302/marc-s,Bern; Switzerland,720482,173,1320,1442
Jonathan Leffler,https://stackoverflow.com/users/15168/jonathan-leffler,Colorado; USA,716434,138,890,1255
Barmar,https://stackoverflow.com/users/1491895/barmar,Arlington; MA,714524,53,480,596
Sergey Kalinichenko,https://stackoverflow.com/users/335858/sergey-kalinichenko,United States,707318,81,1085,1503
Stephen C,https://stackoverflow.com/users/139985/stephen-c,Australia,686148,94,787,1197
BoltClock,https://stackoverflow.com/users/106224/boltclock,Singapore,685262,158,1371,1346
Guffa,https://stackoverflow.com/users/69083/guffa,Virsbo; Sweden,678558,108,728,999
JB Nizet,https://stackoverflow.com/users/571407/jb-nizet,Saint-Etienne; France,669678,88,1204,1238
jfriend00,https://stackoverflow.com/users/816620/jfriend00,Not provided by the user,665274,93,947,945
Eric Lippert,https://stackoverflow.com/users/88656/eric-lippert,Seattle; WA,640482,174,1229,2063
Gumbo,https://stackoverflow.com/users/53114/gumbo,Ulm; Germany,634113,107,770,839
Nick Craver,https://stackoverflow.com/users/13249/nick-craver,Winston-Salem; NC,618372,136,1293,1152
cletus,https://stackoverflow.com/users/18393/cletus,New York; New York; United States,609222,165,904,942
Bergi,https://stackoverflow.com/users/1048572/bergi,Not provided by the user,606946,142,937,1339
G√ºnter Z√∂chbauer,https://stackoverflow.com/users/217408/g%c3%bcnter-z%c3%b6chbauer,Linz; Austria,596251,203,1968,1538
David Heffernan,https://stackoverflow.com/users/505088/david-heffernan,Ulverston; United Kingdom,595150,42,1051,1469
Wiktor Stribi≈ºew,https://stackoverflow.com/users/3832970/wiktor-stribi%c5%bcew,Warsaw; Poland,594225,36,415,527
Bozho,https://stackoverflow.com/users/203907/bozho,Sofia; Bulgaria,581598,141,1052,1136
Daniel Roseman,https://stackoverflow.com/users/104349/daniel-roseman,London; United Kingdom,580165,62,856,865
Erwin Brandstetter,https://stackoverflow.com/users/939860/erwin-brandstetter,Vienna; Austria,575614,138,1033,1185
e-satis,https://stackoverflow.com/users/9951/e-satis,Not provided by the user,568325,110,295,328
Pascal Thivent,https://stackoverflow.com/users/70604/pascal-thivent,Not provided by the user,556726,134,1056,1119
Sven Marnach,https://stackoverflow.com/users/279627/sven-marnach,Preetz; Germany,555548,115,923,824
Reed Copsey,https://stackoverflow.com/users/65358/reed-copsey,Yarmouth; ME; USA,547526,78,1141,1363
Frank van Puffelen,https://stackoverflow.com/users/209103/frank-van-puffelen,San Francisco; CA,539485,73,795,776
a_horse_with_no_name,https://stackoverflow.com/users/330315/a-horse-with-no-name,Not provided by the user,533532,99,843,894
Remy Lebeau,https://stackoverflow.com/users/65863/remy-lebeau,United States,533496,30,442,748
nickf,https://stackoverflow.com/users/9021/nickf,Z√ºrich; Switzerland,530501,198,647,721
Bill Karwin,https://stackoverflow.com/users/20860/bill-karwin,California,523182,85,650,812
bobince,https://stackoverflow.com/users/18936/bobince,Cambridge; UK,522382,105,648,829
Martin R,https://stackoverflow.com/users/1187415/martin-r,Germany,522230,92,1212,1352
Peter Lawrey,https://stackoverflow.com/users/57695/peter-lawrey,Surrey; UK,520803,75,744,1124
Konrad Rudolph,https://stackoverflow.com/users/1968/konrad-rudolph,Basel; Switzerland,519962,126,924,1203
tvanfosson,https://stackoverflow.com/users/12950/tvanfosson,Iowa City; IA,518448,97,697,794
matt,https://stackoverflow.com/users/341994/matt,Not provided by the user,503506,84,847,1103
kennytm,https://stackoverflow.com/users/224671/kennytm,Hong Kong,502679,102,1066,995
deceze,https://stackoverflow.com/users/476/deceze,Germany,502676,85,726,871
Amber,https://stackoverflow.com/users/148870/amber,California,494968,82,620,548
Johannes Schaub - litb,https://stackoverflow.com/users/34509/johannes-schaub-litb,Frankfurt; Germany,489572,126,883,1202
GManNickG,https://stackoverflow.com/users/87234/gmannickg,Not provided by the user,488286,51,486,539
Tim Biegeleisen,https://stackoverflow.com/users/1863229/tim-biegeleisen,Singapore,487308,25,266,342
Oded,https://stackoverflow.com/users/1583/oded,London; United Kingdom,484770,98,875,1003
NPE,https://stackoverflow.com/users/367273/npe,London; United Kingdom,477538,105,938,1006
chepner,https://stackoverflow.com/users/1126841/chepner,Massachusetts,475399,69,500,649
Paolo Bergantino,https://stackoverflow.com/users/16417/paolo-bergantino,Kennewick; WA,475327,79,518,436
alex,https://stackoverflow.com/users/31671/alex,London; United Kingdom,472098,198,871,978
Cascabel,https://stackoverflow.com/users/119963/cascabel,USA,467508,70,369,314
Jerry Coffin,https://stackoverflow.com/users/179910/jerry-coffin,San Diego; CA; United States,466191,79,617,1097
Suragch,https://stackoverflow.com/users/3681880/suragch,Not provided by the user,461196,297,1335,1366
Mysticial,https://stackoverflow.com/users/922184/mysticial,San Francisco Bay Area,460320,45,333,329
Kerrek SB,https://stackoverflow.com/users/596781/kerrek-sb,West of house,456739,91,866,1072
alecxe,https://stackoverflow.com/users/771848/alecxe,New York; United States,454234,116,1060,1178
Matthew Rankin,https://stackoverflow.com/users/95592/matthew-rankin,Independence; Missouri United States,446948,38,123,163
Tim Schmelter,https://stackoverflow.com/users/284240/tim-schmelter,Code desert,441904,70,674,922
codaddict,https://stackoverflow.com/users/227665/codaddict,Bangalore; India,439304,80,490,526
Pekka,https://stackoverflow.com/users/187606/pekka,Tabayesco; Lanzarote; Canary Islands,437340,140,968,1083
Nicol Bolas,https://stackoverflow.com/users/734069/nicol-bolas,Not provided by the user,434512,63,748,953
Mark Longair,https://stackoverflow.com/users/223092/mark-longair,London; United Kingdom,432771,71,408,324
Martin Smith,https://stackoverflow.com/users/73226/martin-smith,Rugby; United Kingdom,428613,87,723,823
torek,https://stackoverflow.com/users/1256452/torek,Bellingham; WA; USA,424498,52,589,729
Stephen Cleary,https://stackoverflow.com/users/263693/stephen-cleary,Kingsley; MI,424123,72,657,791
Willem Van Onsem,https://stackoverflow.com/users/67579/willem-van-onsem,Ypres; Belgium,423992,29,399,520
Jon,https://stackoverflow.com/users/50079/jon,Berlin,422269,78,729,800
mu is too short,https://stackoverflow.com/users/479863/mu-is-too-short,Gibsons; BC ; Canada,421110,69,826,789
gbn,https://stackoverflow.com/users/27535/gbn,Switzerland,416513,81,581,669
mmx,https://stackoverflow.com/users/33708/mmx,Not provided by the user,409445,90,845,785
aioobe,https://stackoverflow.com/users/276052/aioobe,Stockholm; Sweden,407392,111,802,823
Quassnoi,https://stackoverflow.com/users/55159/quassnoi,Moscow; Russia,406313,90,609,610
Rob,https://stackoverflow.com/users/1271826/rob,Los Angeles; CA; USA,404621,71,765,1013
Bohemian,https://stackoverflow.com/users/256196/bohemian,Melbourne; Australia,402596,89,568,707
Pointy,https://stackoverflow.com/users/182668/pointy,Austin; TX,398235,59,579,607
skaffman,https://stackoverflow.com/users/21234/skaffman,UK,395371,96,814,768
Bill the Lizard,https://stackoverflow.com/users/1288/bill-the-lizard,Charlotte; NC,393730,207,559,874
Some programmer dude,https://stackoverflow.com/users/440558/some-programmer-dude,Malm√∂; Sweden,392254,34,393,601
Pascal MARTIN,https://stackoverflow.com/users/138475/pascal-martin,Lyon; France,391118,79,652,659
mipadi,https://stackoverflow.com/users/28804/mipadi,San Francisco; CA,390718,88,518,477
Joel Coehoorn,https://stackoverflow.com/users/3043/joel-coehoorn,York; NE,390437,111,561,789
jfs,https://stackoverflow.com/users/4279/jfs,Moscow; Russia,389254,187,961,1643
unwind,https://stackoverflow.com/users/28169/unwind,Stockholm; Sweden,386739,64,467,600
Adam Rosenfield,https://stackoverflow.com/users/9530/adam-rosenfield,United States,383859,96,510,586
Eran,https://stackoverflow.com/users/1221571/eran,Israel,382299,53,687,753
Arun P Johny,https://stackoverflow.com/users/114251/arun-p-johny,Cary; NC; USA,381622,65,525,527
CrazyCoder,https://stackoverflow.com/users/104891/crazycoder,San Diego; CA; USA,381526,168,963,880
S.Lott,https://stackoverflow.com/users/10661/s-lott,Norfolk; VA,379671,79,505,774
Lasse V. Karlsen,https://stackoverflow.com/users/267/lasse-v-karlsen,Porsgrunn; Norge,374818,100,626,817
Lightness Races in Orbit,https://stackoverflow.com/users/560648/lightness-races-in-orbit,Not provided by the user,374710,74,639,1039
Sarfraz,https://stackoverflow.com/users/139459/sarfraz,Karachi; Pakistan,373398,77,529,576
polygenelubricants,https://stackoverflow.com/users/276101/polygenelubricants,Palo Alto; CA,371340,125,560,621
icza,https://stackoverflow.com/users/1705598/icza,Budapest; Hungary,371104,58,855,787
Ronak Shah,https://stackoverflow.com/users/3962914/ronak-shah,Kuala Lumpur; Federal Territory of Kuala Lumpur; Malaysia,366966,19,143,199
Nina Scholz,https://stackoverflow.com/users/1447675/nina-scholz,D√ºsseldorf; Germany,366692,24,335,374
rob mayoff,https://stackoverflow.com/users/77567/rob-mayoff,Austin; TX; USA,366661,66,774,829
Denys S√©guret,https://stackoverflow.com/users/263525/denys-s%c3%a9guret,Lyon; France,365864,84,773,746
sehe,https://stackoverflow.com/users/85371/sehe,Netherlands,363610,47,439,614
EdChum,https://stackoverflow.com/users/704848/edchum,Not provided by the user,361672,195,791,555
Shepmaster,https://stackoverflow.com/users/155423/shepmaster,Pittsburgh; PA,360956,83,1026,1290
Mark Rajcok,https://stackoverflow.com/users/215945/mark-rajcok,New Jersey; USA,360387,114,491,491
Russia Must Remove Putin,https://stackoverflow.com/users/541136/russia-must-remove-putin,NYC; NY; United States,360112,87,398,330
sepp2k,https://stackoverflow.com/users/149392/sepp2k,Bochum; Germany,359638,52,670,672
cs95,https://stackoverflow.com/users/4909087/cs95,At an ipython shell near you,359580,90,668,719
J√∂rg W Mittag,https://stackoverflow.com/users/2988/j%c3%b6rg-w-mittag,Karlsruhe; Germany,358832,75,435,644
Ladislav Mrnka,https://stackoverflow.com/users/413501/ladislav-mrnka,Welwyn Garden City; United Kingdom,358450,58,656,666
Bryan Oakley,https://stackoverflow.com/users/7432/bryan-oakley,Choctaw; OK,358301,50,528,668
Ned Batchelder,https://stackoverflow.com/users/14343/ned-batchelder,Boston; MA,356875,72,559,655
ikegami,https://stackoverflow.com/users/589924/ikegami,Not provided by the user,356619,15,256,506
poke,https://stackoverflow.com/users/216074/poke,Dortmund; Germany,356446,69,550,594
templatetypedef,https://stackoverflow.com/users/501557/templatetypedef,Not provided by the user,355800,100,881,1051
Dirk Eddelbuettel,https://stackoverflow.com/users/143305/dirk-eddelbuettel,Chicago; IL; United States,354800,56,634,718
Marc B,https://stackoverflow.com/users/118068/marc-b,Canada,353176,42,412,493
Matt Ball,https://stackoverflow.com/users/139010/matt-ball,Somewhere near the inner rim of the Orion Arm,350347,99,641,704
mklement0,https://stackoverflow.com/users/45375/mklement0,United States,350307,60,554,696
Fred Foo,https://stackoverflow.com/users/166749/fred-foo,Not provided by the user,350079,75,728,828
Nawaz,https://stackoverflow.com/users/415784/nawaz,Singapore,348923,113,656,846
falsetru,https://stackoverflow.com/users/2225682/falsetru,Seoul; South Korea,348515,62,699,620
Andy Hayden,https://stackoverflow.com/users/1240268/andy-hayden,San Francisco Bay Area,347096,99,613,527
abarnert,https://stackoverflow.com/users/908494/abarnert,San Francisco; CA,345788,47,584,656
CertainPerformance,https://stackoverflow.com/users/9515207/certainperformance,Austin; TX; USA,344242,50,280,299
James McNellis,https://stackoverflow.com/users/151292/james-mcnellis,Washington; DC,343663,75,906,974
Zim,https://stackoverflow.com/users/171456/zim,USA,342315,86,698,615
John Kugelman,https://stackoverflow.com/users/68587/john-kugelman,Virginia,341920,67,517,564
Andrew Hare,https://stackoverflow.com/users/34211/andrew-hare,Wyoming; United States,339960,71,635,631
MadProgrammer,https://stackoverflow.com/users/992484/madprogrammer,Melbourne; Australia,339830,22,224,354
Michael Borgwardt,https://stackoverflow.com/users/16883/michael-borgwardt,Munich; Germany,339494,77,477,713
Joey,https://stackoverflow.com/users/73070/joey,T√ºbingen; Germany,338587,83,679,678
karim79,https://stackoverflow.com/users/70393/karim79,Berlin; Germany,337624,67,411,406
Dennis Williamson,https://stackoverflow.com/users/26428/dennis-williamson,United States,337041,88,371,436
readonly,https://stackoverflow.com/users/4883/readonly,Chicago; Illinois; United States,336334,107,203,205
Rob W,https://stackoverflow.com/users/938089/rob-w,The Netherlands,335698,81,787,673
Brian R. Bondy,https://stackoverflow.com/users/3153/brian-r-bondy,Ontario; Canada,334110,122,589,631
Daniel Vassallo,https://stackoverflow.com/users/222908/daniel-vassallo,Seattle; WA,333259,71,499,440
Andy E,https://stackoverflow.com/users/94197/andy-e,Leeds; United Kingdom,333073,84,472,444
DSM,https://stackoverflow.com/users/487339/dsm,Canada,332916,62,582,486
Alnitak,https://stackoverflow.com/users/6782/alnitak,United Kingdom,331036,70,404,489
Tomasz Nurkiewicz,https://stackoverflow.com/users/605744/tomasz-nurkiewicz,Warsaw; Poland,330170,68,695,669
Michael Benjamin,https://stackoverflow.com/users/3597276/michael-benjamin,USA,330020,99,551,679
Michael Burr,https://stackoverflow.com/users/12711/michael-burr,Seattle; WA,328540,50,529,753
Rory McCrossan,https://stackoverflow.com/users/519413/rory-mccrossan,Buckinghamshire; United Kingdom,328359,38,302,333
Tomalak,https://stackoverflow.com/users/18771/tomalak,Frankfurt; Germany,328071,66,520,620
Ciro Santilli OurBigBook.com,https://stackoverflow.com/users/895245/ciro-santilli-ourbigbook-com,1999Ê≥ïËΩÆÂäüÔºå2018ÂåÖÂ≠êÈú≤ÂÆ™,327298,95,1151,940
Vinko Vrsalovic,https://stackoverflow.com/users/5190/vinko-vrsalovic,Madrid; Spain,325208,53,332,370
Tim Pietzcker,https://stackoverflow.com/users/20670/tim-pietzcker,Ulm; Germany,321922,58,497,554
wim,https://stackoverflow.com/users/674039/wim,‚ÑÇùïôùïöùïîùïíùïòùï†; ùïÄùïÉ,321779,97,584,719
OMG Ponies,https://stackoverflow.com/users/135152/omg-ponies,Not provided by the user,320850,79,515,499
ghostdog74,https://stackoverflow.com/users/131527/ghostdog74,Not provided by the user,319175,56,255,342
camickr,https://stackoverflow.com/users/131872/camickr,Not provided by the user,319018,19,162,284
Aaron Digulla,https://stackoverflow.com/users/34088/aaron-digulla,Switzerland,316796,106,588,812
assylias,https://stackoverflow.com/users/829571/assylias,London; United Kingdom,316639,77,655,772
Niet the Dark Absol,https://stackoverflow.com/users/507674/niet-the-dark-absol,United Kingdom,316526,80,456,587
Brian Campbell,https://stackoverflow.com/users/69755/brian-campbell,Montpelier; VT; USA,316064,56,358,339
zero323,https://stackoverflow.com/users/1560062/zero323,Not provided by the user,316048,97,947,928
user113716,https://stackoverflow.com/users/113716/user113716,Not provided by the user,315378,62,449,438
Tim Down,https://stackoverflow.com/users/96100/tim-down,United Kingdom,312871,73,450,527
BENY,https://stackoverflow.com/users/7964527/beny,United States,312460,19,155,217
Greg,https://stackoverflow.com/users/24181/greg,United Kingdom,312410,53,368,330
rmaddy,https://stackoverflow.com/users/1226963/rmaddy,Not provided by the user,311887,42,525,567
Peter Cordes,https://stackoverflow.com/users/224132/peter-cordes,Halifax; Canada,310469,44,569,799
Gordon,https://stackoverflow.com/users/208809/gordon,Essen; Germany,309754,72,532,555
adeneo,https://stackoverflow.com/users/965051/adeneo,Norway,309079,28,391,385
AnT stands with Russia,https://stackoverflow.com/users/187690/ant-stands-with-russia,Silicon Valley; CA; United States,308120,41,517,760
ImportanceOfBeingErnest,https://stackoverflow.com/users/4124317/importanceofbeingernest,QuantumLocation,308112,53,624,676
Joan Venge,https://stackoverflow.com/users/51816/joan-venge,Los Angeles; CA,306427,209,469,677
ThiefMaster,https://stackoverflow.com/users/298479/thiefmaster,Germany,305931,81,586,626
duffymo,https://stackoverflow.com/users/37213/duffymo,Not provided by the user,302870,44,368,556
Jakub Narƒôbski,https://stackoverflow.com/users/46058/jakub-nar%c4%99bski,Torun; Poland,300653,65,219,230
John Feminella,https://stackoverflow.com/users/75170/john-feminella,Charlottesville; VA,299699,45,336,356
SilentGhost,https://stackoverflow.com/users/12855/silentghost,Not provided by the user,299531,65,304,291
JohnnyHK,https://stackoverflow.com/users/1259510/johnnyhk,Wisconsin,299257,64,611,465
Joachim Sauer,https://stackoverflow.com/users/40342/joachim-sauer,Linz; Austria,298020,57,552,610
Craig Ringer,https://stackoverflow.com/users/398670/craig-ringer,Western Australia; Australia,296510,71,664,752
trincot,https://stackoverflow.com/users/5459839/trincot,Belgium,295403,33,237,275
Mark Ransom,https://stackoverflow.com/users/5987/mark-ransom,Minneapolis; MN,294321,40,388,615
Drew Noakes,https://stackoverflow.com/users/24874/drew-noakes,Melbourne; Australia,293834,162,669,736
Daniel C. Sobral,https://stackoverflow.com/users/53013/daniel-c-sobral,Boulder; CO; USA,293260,86,497,679
Mitch Wheat,https://stackoverflow.com/users/16076/mitch-wheat,Perth; Western Australia,292779,43,462,537
Paul Dixon,https://stackoverflow.com/users/6521/paul-dixon,United Kingdom,292774,51,310,344
mgilson,https://stackoverflow.com/users/748858/mgilson,Pittsburgh; PA; United States,292679,63,614,680
Mark Harrison,https://stackoverflow.com/users/116/mark-harrison,Piedmont; CA,291411,123,329,458
Phrogz,https://stackoverflow.com/users/405017/phrogz,Boulder; CO,291302,108,646,732
Alasdair,https://stackoverflow.com/users/113962/alasdair,Brighton; UK,290496,52,561,506
John La Rooy,https://stackoverflow.com/users/174728/john-la-rooy,Melbourne; Victoria; Australia,289818,51,360,501
Sean Patrick Floyd,https://stackoverflow.com/users/342852/sean-patrick-floyd,Seattle; WA; United States,289439,64,461,584
Mureinik,https://stackoverflow.com/users/2422776/mureinik,Tel Aviv; Israel,289128,51,298,337
Gabriele Mariotti,https://stackoverflow.com/users/2016562/gabriele-mariotti,Italy,286912,85,777,777
Basil Bourque,https://stackoverflow.com/users/642706/basil-bourque,Not provided by the user,285224,95,806,1098
Remus Rusanu,https://stackoverflow.com/users/105929/remus-rusanu,Bucharest; Romania,285214,40,429,564
Doug Stevenson,https://stackoverflow.com/users/807126/doug-stevenson,127.0.0.1,285162,30,386,409
Vlad from Moscow,https://stackoverflow.com/users/2877241/vlad-from-moscow,Moscow; Russia,284852,21,178,321
Blender,https://stackoverflow.com/users/464744/blender,USA,283925,52,432,490
manojlds,https://stackoverflow.com/users/526535/manojlds,Chennai; India,283704,62,466,415
Thomas Levesque,https://stackoverflow.com/users/98713/thomas-levesque,Paris; France,283473,66,616,750
Hovercraft Full Of Eels,https://stackoverflow.com/users/522444/hovercraft-full-of-eels,Not provided by the user,282062,25,254,370
Matthieu M.,https://stackoverflow.com/users/147192/matthieu-m,Amsterdam; Netherlands,279010,48,438,706
piRSquared,https://stackoverflow.com/users/2336654/pirsquared,San Diego; CA; USA,278299,56,460,603
Holger,https://stackoverflow.com/users/2711488/holger,Berlin,278203,39,421,747
Barry,https://stackoverflow.com/users/2069064/barry,Not provided by the user,277747,29,582,949
Rob Napier,https://stackoverflow.com/users/97337/rob-napier,Raleigh; NC,275692,34,446,588
pupeno,https://stackoverflow.com/users/6068/pupeno,United Kingdom,274954,126,363,602
Ben Voigt,https://stackoverflow.com/users/103167/ben-voigt,Houston; TX,273969,41,407,711
Matthew Flaschen,https://stackoverflow.com/users/47773/matthew-flaschen,Philadelphia; PA,273966,50,513,537
phihag,https://stackoverflow.com/users/35070/phihag,D√ºsseldorf; Germany,272018,71,444,465
Charles Duffy,https://stackoverflow.com/users/14122/charles-duffy,Chicago; IL,270426,42,372,428
Steve Jessop,https://stackoverflow.com/users/13005/steve-jessop,Oxford; United Kingdom,269879,38,453,695
Sotirios Delimanolis,https://stackoverflow.com/users/438154/sotirios-delimanolis,Not provided by the user,269657,59,687,717
Joe Kington,https://stackoverflow.com/users/325565/joe-kington,Houston; TX,268276,70,599,462
Aaron Bertrand,https://stackoverflow.com/users/61305/aaron-bertrand,Matthews; NC,267980,36,457,485
Benjamin Gruenbaum,https://stackoverflow.com/users/1348195/benjamin-gruenbaum,Israel,266761,87,497,499
RichieHindle,https://stackoverflow.com/users/21886/richiehindle,Hertford; United Kingdom,266486,47,354,395
mpen,https://stackoverflow.com/users/65387/mpen,San Francisco Bay Area,265489,263,830,1205
Brian Agnew,https://stackoverflow.com/users/12960/brian-agnew,London; United Kingdom,265373,36,331,437
fedorqui,https://stackoverflow.com/users/1983854/fedorqui,Not provided by the user,265312,100,535,589
vadian,https://stackoverflow.com/users/5044042/vadian,St. Gallen; Switzerland,265064,28,330,340
Michael Berkowski,https://stackoverflow.com/users/541091/michael-berkowski,Minneapolis; MN,264905,46,441,385
Oliver Charlesworth,https://stackoverflow.com/users/129570/oliver-charlesworth,London; United Kingdom,264588,31,557,675
Oriol,https://stackoverflow.com/users/1529630/oriol,Catalonia,263540,60,420,502
Sampson,https://stackoverflow.com/users/54680/sampson,Florida,262834,74,535,560
erickson,https://stackoverflow.com/users/3474/erickson,United States,262731,58,393,490
dogbane,https://stackoverflow.com/users/7412/dogbane,London; United Kingdom,261762,75,391,411
Shubham Khatri,https://stackoverflow.com/users/5928186/shubham-khatri,London; United Kingdom,261512,54,390,388
Dan Abramov,https://stackoverflow.com/users/458193/dan-abramov,London; UK,261016,84,406,508
LukeH,https://stackoverflow.com/users/55847/lukeh,Cardiff; United Kingdom,258632,57,361,409
H H,https://stackoverflow.com/users/60761/h-h,Netherlands,257682,30,320,507
Eli Bendersky,https://stackoverflow.com/users/8206/eli-bendersky,California,256872,88,347,410
Ali,https://stackoverflow.com/users/49153/ali,http://ali.actor,256857,261,572,759
Yakk - Adam Nevraumont,https://stackoverflow.com/users/1774667/yakk-adam-nevraumont,Canada,256593,27,320,513
IRTFM,https://stackoverflow.com/users/1855677/irtfm,Alameda; CA,256324,21,361,483
Blankman,https://stackoverflow.com/users/39677/blankman,blankville,254882,317,753,1185
John Woo,https://stackoverflow.com/users/491243/john-woo,Dipolog; Philippines,254872,69,492,488
Salman A,https://stackoverflow.com/users/87015/salman-a,Karachi; Pakistan,254807,81,426,515
flybywire,https://stackoverflow.com/users/63051/flybywire,Not provided by the user,254752,190,395,499
Fr√©d√©ric Hamidi,https://stackoverflow.com/users/464709/fr%c3%a9d%c3%a9ric-hamidi,France,254726,41,479,473
Thilo,https://stackoverflow.com/users/14955/thilo,Singapore,254150,99,501,648
larsks,https://stackoverflow.com/users/147356/larsks,Not provided by the user,253803,39,371,368
Martin York,https://stackoverflow.com/users/14065/martin-york,Seattle; WA,252507,84,332,555
fredoverflow,https://stackoverflow.com/users/252000/fredoverflow,Germany,252188,92,380,649
TIMEX,https://stackoverflow.com/users/179736/timex,Not provided by the user,250670,347,766,1067
basarat,https://stackoverflow.com/users/390330/basarat,Melbourne; Australia,250614,55,446,500
Luchian Grigore,https://stackoverflow.com/users/673730/luchian-grigore,Bucharest; Romania,250193,63,453,619
Keith Thompson,https://stackoverflow.com/users/827263/keith-thompson,San Diego; CA,249265,42,421,621
user2357112,https://stackoverflow.com/users/2357112/user2357112,Not provided by the user,247994,27,402,482
Mike Seymour,https://stackoverflow.com/users/204847/mike-seymour,United Kingdom,246683,28,440,637
zerkms,https://stackoverflow.com/users/251311/zerkms,Wellington; New Zealand,245883,67,434,534
David Thomas,https://stackoverflow.com/users/82548/david-thomas,Cambridge; United Kingdom,245688,51,369,405
G. Grothendieck,https://stackoverflow.com/users/516548/g-grothendieck,Not provided by the user,245509,17,198,331
Mark Rushakoff,https://stackoverflow.com/users/126042/mark-rushakoff,USA,244754,45,403,397
Dave DeLong,https://stackoverflow.com/users/115730/dave-delong,ZZ9 Plural Z Alpha,241881,58,447,498
Ian Boyd,https://stackoverflow.com/users/12597/ian-boyd,Windsor; ON; Canada,241127,247,856,1187
jalf,https://stackoverflow.com/users/33213/jalf,Not provided by the user,240113,51,341,548
R√©mi Rousselet,https://stackoverflow.com/users/8394265/r%c3%a9mi-rousselet,Paris; France,239935,76,499,417
Justin Niessner,https://stackoverflow.com/users/84651/justin-niessner,Bellefonte; PA; USA,239698,40,405,535
Ashwini Chaudhary,https://stackoverflow.com/users/846892/ashwini-chaudhary,Toronto,239672,56,452,501
Taryn,https://stackoverflow.com/users/426671/taryn,Arizona,239661,55,362,404
Dimitre Novatchev,https://stackoverflow.com/users/36305/dimitre-novatchev,United States,238605,26,293,427
Tomas Petricek,https://stackoverflow.com/users/33518/tomas-petricek,Prague; Czechia,237937,19,376,546
axtavt,https://stackoverflow.com/users/103154/axtavt,Moscow; Russia,236916,41,505,478
BrenBarn,https://stackoverflow.com/users/1427416/brenbarn,Santa Barbara; CA,236863,35,404,379
Cody Gray,https://stackoverflow.com/users/366904/cody-gray,Austin; TX; USA,235572,50,486,566
jmj,https://stackoverflow.com/users/260990/jmj,Not provided by the user,235509,42,395,435
knittl,https://stackoverflow.com/users/112968/knittl,Austria,233976,52,306,355
Fenton,https://stackoverflow.com/users/75525/fenton,United Kingdom,233770,68,384,396
glenn jackman,https://stackoverflow.com/users/7552/glenn-jackman,Ottawa; Canada,233283,37,215,341
jason,https://stackoverflow.com/users/45914/jason,Not provided by the user,233145,34,421,524
Ryan McGeary,https://stackoverflow.com/users/8985/ryan-mcgeary,Lafayette; CO; United States,233062,13,95,104
Oli,https://stackoverflow.com/users/12870/oli,England; United Kingdom,232847,63,218,295
John Zwinck,https://stackoverflow.com/users/4323/john-zwinck,Not provided by the user,232289,34,314,427
svick,https://stackoverflow.com/users/41071/svick,Prague; Czech Republic,231978,50,384,508
Chuck,https://stackoverflow.com/users/50742/chuck,Not provided by the user,231932,29,302,388
Damien_The_Unbeliever,https://stackoverflow.com/users/15498/damien-the-unbeliever,United Kingdom,231719,24,331,432
Ted Hopp,https://stackoverflow.com/users/535871/ted-hopp,Gaithersburg; MD,230334,48,393,519
Temani Afif,https://stackoverflow.com/users/8620333/temani-afif,Tunisia,230247,22,274,382
Bathsheba,https://stackoverflow.com/users/2380830/bathsheba,Mayfair; London,230238,33,355,474
caf,https://stackoverflow.com/users/134633/caf,Australia,230163,38,316,459
lonesomeday,https://stackoverflow.com/users/417562/lonesomeday,United Kingdom,229913,49,313,315
√ìscar L√≥pez,https://stackoverflow.com/users/201359/%c3%93scar-l%c3%b3pez,Madrid; Spain,229658,37,309,383
rici,https://stackoverflow.com/users/1566221/rici,Peru,229613,27,230,332
eyllanesc,https://stackoverflow.com/users/6622587/eyllanesc,earth,229303,18,145,215
Andomar,https://stackoverflow.com/users/50552/andomar,Netherlands,229207,45,371,396
eerorika,https://stackoverflow.com/users/2079303/eerorika,Dublin; Ireland,228974,12,192,317
thefourtheye,https://stackoverflow.com/users/1903116/thefourtheye,Chennai; India,228892,52,446,489
Sergey Berezovskiy,https://stackoverflow.com/users/470005/sergey-berezovskiy,Dublin; Ireland,228870,41,423,452
user229044,https://stackoverflow.com/users/229044/user229044,Not provided by the user,228409,40,329,336
jAndy,https://stackoverflow.com/users/1386886/jandy,Germany,228181,56,304,357
Blair Conrad,https://stackoverflow.com/users/1199/blair-conrad,Waterloo; Canada,227708,25,132,111
Nkosi,https://stackoverflow.com/users/5233410/nkosi,Trinidad and Tobago,227386,32,403,455
Chris Pratt,https://stackoverflow.com/users/654031/chris-pratt,Houston; Texas; USA,227375,35,377,436
Josh Crozier,https://stackoverflow.com/users/2680216/josh-crozier,United States,227314,54,386,301
jcalz,https://stackoverflow.com/users/2887218/jcalz,Eau Claire; WI; USA,226085,25,305,320
choroba,https://stackoverflow.com/users/1030675/choroba,Czech Republic,224895,24,203,280
John Rotenstein,https://stackoverflow.com/users/174777/john-rotenstein,Sydney; Australia,224680,21,346,424
Justin Cave,https://stackoverflow.com/users/10397/justin-cave,Denver; CO; USA,224524,23,360,376
Leo Dabus,https://stackoverflow.com/users/2303865/leo-dabus,Brazil,224180,58,472,555
Matt Johnson-Pint,https://stackoverflow.com/users/634824/matt-johnson-pint,Woodinville; WA; USA,224036,74,438,559
R. Martinho Fernandes,https://stackoverflow.com/users/46642/r-martinho-fernandes,Berlin; Germany,224030,71,429,504
Sergio Tulentsev,https://stackoverflow.com/users/125816/sergio-tulentsev,Dublin; Ireland,223569,43,367,360
Mark Seemann,https://stackoverflow.com/users/126014/mark-seemann,Copenhagen; Denmark,221887,48,420,721
thirtydot,https://stackoverflow.com/users/405015/thirtydot,United Kingdom,221798,48,389,348
Andrew,https://stackoverflow.com/users/48523/andrew,Portland; OR,221126,192,510,696
Claudiu,https://stackoverflow.com/users/15055/claudiu,Not provided by the user,220770,161,473,676
juanchopanza,https://stackoverflow.com/users/661519/juanchopanza,Vaud; Switzerland,220610,33,396,474
Oleg,https://stackoverflow.com/users/315935/oleg,Wachtberg; Germany,220359,32,398,792
bdonlan,https://stackoverflow.com/users/36723/bdonlan,Seattle,220171,29,264,321
nos,https://stackoverflow.com/users/126769/nos,Norway,220013,56,408,498
gen_Eric,https://stackoverflow.com/users/206403/gen-eric,Rochester; NY; USA,219754,40,300,335
sth,https://stackoverflow.com/users/56338/sth,Germany,217938,53,277,364
ripper234,https://stackoverflow.com/users/11236/ripper234,Israel,217864,269,626,899
LoicTheAztec,https://stackoverflow.com/users/3730754/loictheaztec,Paris; France,217854,22,327,368
C. K. Young,https://stackoverflow.com/users/13/c-k-young,Raleigh; NC; USA,216808,44,383,429
sbi,https://stackoverflow.com/users/140719/sbi,Berlin; Germany,216733,45,254,439
Habib,https://stackoverflow.com/users/961113/habib,Toronto; Canada,216428,27,401,429
Divakar,https://stackoverflow.com/users/3293881/divakar,India,216254,18,250,346
Titian Cernicova-Dragomir,https://stackoverflow.com/users/125734/titian-cernicova-dragomir,Timi»ôoara; Timi»ô County; Romania,216146,28,378,331
hobbs,https://stackoverflow.com/users/152948/hobbs,New Jersey; United States,215870,18,205,286
John Conde,https://stackoverflow.com/users/250259/john-conde,New Jersey,215722,98,453,494
Carl Norum,https://stackoverflow.com/users/116908/carl-norum,San Jose; California United States,215635,38,422,468
Ry-,https://stackoverflow.com/users/707111/ry,BC; Canada,213968,54,452,463
hpaulj,https://stackoverflow.com/users/901925/hpaulj,Seattle; WA,212948,13,217,329
nosklo,https://stackoverflow.com/users/17160/nosklo,Brazil,212534,55,292,296
CopsOnRoad,https://stackoverflow.com/users/6618622/copsonroad,Locating...,212328,69,612,419
Steve,https://stackoverflow.com/users/1197518/steve,Italy,211905,22,229,286
BMitch,https://stackoverflow.com/users/596285/bmitch,Virginia,211869,40,450,420
Sajeetharan,https://stackoverflow.com/users/1749403/sajeetharan,Colombo; Sri Lanka,211302,60,342,386
Shyju,https://stackoverflow.com/users/40521/shyju,Not provided by the user,210978,102,408,495
Joseph Silber,https://stackoverflow.com/users/825568/joseph-silber,Not provided by the user,210953,59,359,290
Raymond Hettinger,https://stackoverflow.com/users/424499/raymond-hettinger,Texas,210355,62,373,473
dtb,https://stackoverflow.com/users/76217/dtb,Germany,210281,35,397,429
georg,https://stackoverflow.com/users/989121/georg,Not provided by the user,208607,49,299,379
Salvador Dali,https://stackoverflow.com/users/1090562/salvador-dali,California,208379,145,690,749
Chris Johnsen,https://stackoverflow.com/users/193688/chris-johnsen,McKinney; TX,208105,26,204,185
Asperi,https://stackoverflow.com/users/12299030/asperi,Pale blue dot,208094,16,376,598
Dogbert,https://stackoverflow.com/users/320615/dogbert,Dehradun; Uttarakhand; India,207680,40,389,394
Mark Baker,https://stackoverflow.com/users/324584/mark-baker,Amsterdam; Netherlands,207566,31,339,383
Rohit Jain,https://stackoverflow.com/users/1679863/rohit-jain,Bangalore; India,206773,45,405,518
Paul R,https://stackoverflow.com/users/253056/paul-r,Brighton; United Kingdom,205826,35,381,548
R.. GitHub STOP HELPING ICE,https://stackoverflow.com/users/379897/r-github-stop-helping-ice,Not provided by the user,205615,33,366,701
Dan Moulding,https://stackoverflow.com/users/95706/dan-moulding,Massachusetts,205281,22,94,97
tadman,https://stackoverflow.com/users/87189/tadman,Toronto; Canada,205248,23,232,260
Psidom,https://stackoverflow.com/users/4983450/psidom,CA; United States,204383,28,321,343
Lukas Eder,https://stackoverflow.com/users/521799/lukas-eder,St. Gallen; Schweiz,204292,126,673,1458
Pat Notz,https://stackoverflow.com/users/825/pat-notz,Not provided by the user,204160,30,89,92
GMB,https://stackoverflow.com/users/10676716/gmb,France,203923,23,73,122
Kenan Banks,https://stackoverflow.com/users/43089/kenan-banks,NYC,203393,34,152,171
R Sahu,https://stackoverflow.com/users/434551/r-sahu,Albuquerque; NM,202776,14,151,264
Pentium10,https://stackoverflow.com/users/243782/pentium10,Transylvania; Romania,202667,119,419,494
trashgod,https://stackoverflow.com/users/230513/trashgod,United States,202515,29,242,1024
David Rodr√≠guez - dribeas,https://stackoverflow.com/users/36565/david-rodr%c3%adguez-dribeas,New York; United States,202279,21,292,483
Paul Samsotha,https://stackoverflow.com/users/2587435/paul-samsotha,Oakland; CA; United States,202159,35,476,708
eumiro,https://stackoverflow.com/users/449449/eumiro,Not provided by the user,201859,34,297,260
Ben Bolker,https://stackoverflow.com/users/190277/ben-bolker,Hamilton; Canada,201851,25,364,442
user541686,https://stackoverflow.com/users/541686/user541686,Not provided by the user,201592,123,520,872
Ryan Lundy,https://stackoverflow.com/users/5486/ryan-lundy,Haltingen; Weil am Rhein; Germany,201245,37,182,209
j08691,https://stackoverflow.com/users/616443/j08691,New Jersey,201186,31,257,270
Dietrich Epp,https://stackoverflow.com/users/82294/dietrich-epp,New York; NY; United States,200976,36,336,411
epascarello,https://stackoverflow.com/users/14104/epascarello,Maryland,200900,20,189,232
MaxU - stop russian terror,https://stackoverflow.com/users/5741205/maxu-stop-russian-terror,Munich; Germany,200743,36,368,407
Servy,https://stackoverflow.com/users/1159478/servy,Not provided by the user,200638,26,325,439
Howard Hinnant,https://stackoverflow.com/users/576911/howard-hinnant,Waterbury; Vermont; United States,200487,49,437,565
Ryan Cavanaugh,https://stackoverflow.com/users/1704166/ryan-cavanaugh,Seattle; WA,200408,53,271,234
yurzui,https://stackoverflow.com/users/5485167/yurzui,Not provided by the user,200314,31,422,395
David,https://stackoverflow.com/users/328193/david,Boston; MA,200138,35,195,271
Alok Save,https://stackoverflow.com/users/452307/alok-save,Mumbai; Maharashtra; India,199924,51,424,530
Jesper,https://stackoverflow.com/users/135589/jesper,Netherlands,199745,45,318,347
Mat,https://stackoverflow.com/users/635608/mat,France,199542,40,388,404
juergen d,https://stackoverflow.com/users/575376/juergen-d,Germany,199254,36,286,350
William Pursell,https://stackoverflow.com/users/140750/william-pursell,Denver; CO; USA,199172,48,267,297
Val,https://stackoverflow.com/users/4604579/val,Fully; Switzerland,198837,13,347,348
dbush,https://stackoverflow.com/users/1687119/dbush,New Jersey,198406,21,209,262
Andrew Clark,https://stackoverflow.com/users/505154/andrew-clark,San Jose; CA,198180,33,270,299
Matt Hamilton,https://stackoverflow.com/users/615/matt-hamilton,Albury; Australia,197944,61,384,318
Cristian,https://stackoverflow.com/users/244296/cristian,Plantasia,197887,62,356,262
Jarod42,https://stackoverflow.com/users/2684539/jarod42,France,197272,13,178,288
Marcin,https://stackoverflow.com/users/248823/marcin,Not provided by the user,196684,12,183,243
Norman Ramsey,https://stackoverflow.com/users/41661/norman-ramsey,Malden; MA,196547,59,359,531
siride,https://stackoverflow.com/users/394487/siride,Not provided by the user,195762,4,39,60
Thierry Templier,https://stackoverflow.com/users/1873365/thierry-templier,France,195628,40,390,354
Estus Flask,https://stackoverflow.com/users/3731501/estus-flask,Not provided by the user,195559,67,403,539
James_D,https://stackoverflow.com/users/2189127/james-d,Not provided by the user,195375,16,280,314
Elliott Frisch,https://stackoverflow.com/users/2970947/elliott-frisch,Atlanta; GA,195182,20,156,245
ephemient,https://stackoverflow.com/users/20713/ephemient,Not provided by the user,195037,38,279,389
Sweeper,https://stackoverflow.com/users/5133585/sweeper,HK,194870,20,179,291
John Millikin,https://stackoverflow.com/users/3560/john-millikin,Not provided by the user,194730,39,211,224
Rabbid76,https://stackoverflow.com/users/5577765/rabbid76,Austria,194479,25,120,164
robertklep,https://stackoverflow.com/users/893780/robertklep,Dieren; Netherlands,194380,33,384,368
OscarRyz,https://stackoverflow.com/users/20654/oscarryz,Not provided by the user,194133,110,381,565
Marko Topolnik,https://stackoverflow.com/users/1103872/marko-topolnik,Zagreb; Croatia,192722,27,308,424
Jukka K. Korpela,https://stackoverflow.com/users/1084437/jukka-k-korpela,Finland,191772,36,259,378
Employed Russian,https://stackoverflow.com/users/50617/employed-russian,Not provided by the user,191334,31,287,351
Freewind,https://stackoverflow.com/users/342235/freewind,Not provided by the user,190426,155,423,694
dfsq,https://stackoverflow.com/users/949476/dfsq,Amsterdam; Netherlands,190330,25,234,254
Keith Hill,https://stackoverflow.com/users/153982/keith-hill,Colorado; United States,189984,40,343,365
Laurenz Albe,https://stackoverflow.com/users/6464308/laurenz-albe,Vienna; Austria,189894,17,175,226
Roko C. Buljan,https://stackoverflow.com/users/383904/roko-c-buljan,Croatia,189296,37,300,304
hakre,https://stackoverflow.com/users/367456/hakre,Europe,189026,51,425,819
Ansgar Wiechers,https://stackoverflow.com/users/1630171/ansgar-wiechers,Not provided by the user,188758,23,239,312
David Webb,https://stackoverflow.com/users/3171/david-webb,Oxford; United Kingdom,188609,57,309,298
Ivan Stoev,https://stackoverflow.com/users/5202563/ivan-stoev,Bulgaria,188323,14,286,317
Jason Baker,https://stackoverflow.com/users/2147/jason-baker,San Francisco; CA,188221,134,371,510
A5C1D2H2I1M1N2O1R2T1,https://stackoverflow.com/users/1270695/a5c1d2h2i1m1n2o1r2t1,Santa Barbara; CA; USA,188211,28,400,476
Louis Wasserman,https://stackoverflow.com/users/869736/louis-wasserman,Mountain View; CA,188021,25,333,405
Gabriele Petrioli,https://stackoverflow.com/users/128165/gabriele-petrioli,Athens; Greece,187665,34,260,311
Cheeso,https://stackoverflow.com/users/48082/cheeso,Seattle; WA,187441,99,468,712
Michael Myers,https://stackoverflow.com/users/13531/michael-myers,United States,186813,45,291,292
Edward Tanguay,https://stackoverflow.com/users/4639/edward-tanguay,Berlin; Germany,186559,310,704,1037
MrFlick,https://stackoverflow.com/users/2372064/mrflick,Cambridge; MA,186556,16,267,284
Explosion Pills,https://stackoverflow.com/users/454533/explosion-pills,Gainesville; FL,186359,51,322,397
Kent,https://stackoverflow.com/users/164835/kent,Hamburg; Germany,186171,31,227,292
Amadan,https://stackoverflow.com/users/240443/amadan,Not provided by the user,186136,23,235,292
AnthonyWJones,https://stackoverflow.com/users/17516/anthonywjones,Birmingham; United Kingdom,185492,35,232,305
Janusz,https://stackoverflow.com/users/114066/janusz,Berlin; Deutschland,185253,113,300,369
